history_s,comparison,n_subjects,median_delta_logloss_b_minus_a,mean_delta_logloss_b_minus_a,p_wilcoxon
3,movement_vs_current,12,0.0002675756682949462,0.00042403187674406543,0.09228515625
3,current_vs_antecedent,12,0.00024993783902001014,0.0002396229154824891,0.2333984375
3,movement_vs_antecedent,12,0.000784366160178615,0.0006636547922265545,0.0771484375
5,movement_vs_current,12,0.0005793700096901055,0.000416470466369445,0.09228515625
5,current_vs_antecedent,12,9.491669039458223e-05,0.00021387682903789215,0.5185546875
5,movement_vs_antecedent,12,0.00033044952354219226,0.0006303472954073372,0.33935546875
10,movement_vs_current,12,0.0007070149655448582,0.0013785650265939788,0.01611328125
10,current_vs_antecedent,12,0.0002367004105625764,0.0027542012811042522,0.17626953125
10,movement_vs_antecedent,12,0.001162091908248085,0.004132766307698232,0.00341796875
