history_s,term,beta,se_cluster,OR,OR_ci_low_t11,OR_ci_high_t11
3,theta_current_z,-0.02591139709968827,0.06225014388157092,0.9744214223481732,0.8496565839388511,1.1175069154755957
3,beta_current_z,0.059627551055429454,0.06156625802715097,1.0614411402831858,0.9269284884607798,1.2154738022525895
3,theta_hist3_z,-0.07626432575923217,0.0856200370299174,0.9265712575365092,0.7674263669415929,1.1187187882458163
3,beta_hist3_z,-0.11517646208640953,0.09526344367420064,0.8912088654545728,0.7226358328931919,1.099105809194242
5,theta_current_z,0.03555634201887804,0.06975551905021701,1.0361960278595963,0.8887187065852313,1.2081462899296287
5,beta_current_z,0.07350885221668846,0.06719729040866594,1.0762780640763627,0.9283083051314179,1.2478337905723846
5,theta_hist5_z,-0.06111155885200929,0.06441332801730984,0.9407182884696691,0.8163726677351697,1.084003584681966
5,beta_hist5_z,-0.21817156056183068,0.0804899736086102,0.8039874972872509,0.6734585796814037,0.9598153699370954
10,theta_current_z,-0.057394295876187315,0.08981209529941377,0.9442216932383114,0.7748627435203664,1.150596816581091
10,beta_current_z,0.10559895707537995,0.0797240555556101,1.1113760776077422,0.9325127139058856,1.3245468586752471
10,theta_hist10_z,0.010543147363395844,0.07469038912987679,1.0105989221832694,0.857401239854999,1.1911694712392837
10,beta_hist10_z,-0.1985569082443024,0.10012921331305796,0.8199131095971679,0.6577437870896428,1.0220659175875677
